INSERT INTO ROOM (ID, NAME, ROWS_NUMBER, SEATS_IN_ROW_NUMBER) VALUES (1, 'Room A', 3, 3);
INSERT INTO ROOM (ID, NAME, ROWS_NUMBER, SEATS_IN_ROW_NUMBER) VALUES (2, 'Room B', 4, 4);
INSERT INTO ROOM (ID, NAME, ROWS_NUMBER, SEATS_IN_ROW_NUMBER) VALUES (3, 'Room C', 5, 5);

INSERT INTO MOVIE (ID, DESCRIPTION, TITLE) VALUES (1, 'Some Desc1', 'Pulp Fiction');
INSERT INTO MOVIE (ID, DESCRIPTION, TITLE) VALUES (2, 'Some Desc2', 'Hateful 8');
INSERT INTO MOVIE (ID, DESCRIPTION, TITLE) VALUES (3, 'Some Desc3', 'Django');

INSERT INTO TICKET_TYPE (ID, NAME, PRICE, CURRENCY) VALUES (1, 'adult', 25, 'PLN');
INSERT INTO TICKET_TYPE (ID, NAME, PRICE, CURRENCY) VALUES (2, 'student', 18, 'PLN');
INSERT INTO TICKET_TYPE (ID, NAME, PRICE, CURRENCY) VALUES (3, 'child', 12.50, 'PLN');

INSERT INTO SCREENING (ID, MOVIE_ID, ROOM_ID, START_TIME, END_TIME) VALUES (1, 1, 1, '2023-04-05T14:00:00', '2023-04-05T15:30:00');
INSERT INTO SCREENING (ID, MOVIE_ID, ROOM_ID, START_TIME, END_TIME) VALUES (2, 1, 1, '2023-04-05T16:00:00', '2023-04-05T17:30:00');

INSERT INTO SCREENING (ID, MOVIE_ID, ROOM_ID, START_TIME, END_TIME) VALUES (4, 2, 2, '2023-04-05T15:30:00', '2023-04-05T17:00:00');
INSERT INTO SCREENING (ID, MOVIE_ID, ROOM_ID, START_TIME, END_TIME) VALUES (5, 2, 2, '2023-04-05T17:30:00', '2023-04-05T19:00:00');

INSERT INTO SCREENING (ID, MOVIE_ID, ROOM_ID, START_TIME, END_TIME) VALUES (7, 3, 3, '2023-04-05T16:30:00', '2023-04-05T18:00:00');
INSERT INTO SCREENING (ID, MOVIE_ID, ROOM_ID, START_TIME, END_TIME) VALUES (8, 3, 3, '2023-04-05T18:30:00', '2023-04-05T20:00:00');

INSERT INTO RESERVATION (ID, EXPIRATION_DATE, FIRSTNAME, SURNAME, IS_PAID, SCREENING_ID) VALUES (1, '2026-10-31T11:30:00', 'Jan', 'Wzięty-Późny', false, 5);

INSERT INTO TICKET (ID, ROW_NUMBER, SEAT_IN_ROW_NUMBER, RESERVATION_ID, TICKET_TYPE_ID) VALUES (1, 1, 1, 1, 1);
INSERT INTO TICKET (ID, ROW_NUMBER, SEAT_IN_ROW_NUMBER, RESERVATION_ID, TICKET_TYPE_ID) VALUES (2, 1, 2, 1, 2);
INSERT INTO TICKET (ID, ROW_NUMBER, SEAT_IN_ROW_NUMBER, RESERVATION_ID, TICKET_TYPE_ID) VALUES (3, 1, 3, 1, 3);

