INSERT INTO ROOM (ID, NAME, ROWS_NUMBER, SEATS_IN_ROW_NUMBER) VALUES (1, 'A', 3, 3);
INSERT INTO ROOM (ID, NAME, ROWS_NUMBER, SEATS_IN_ROW_NUMBER) VALUES (2, 'B', 4, 4);
INSERT INTO ROOM (ID, NAME, ROWS_NUMBER, SEATS_IN_ROW_NUMBER) VALUES (3, 'C', 5, 5);

INSERT INTO MOVIE (ID, DESCRIPTION, TITLE) VALUES (1, 'Some Desc1', 'Pulp Fiction');
INSERT INTO MOVIE (ID, DESCRIPTION, TITLE) VALUES (2, 'Some Desc2', 'Hateful 8');
INSERT INTO MOVIE (ID, DESCRIPTION, TITLE) VALUES (3, 'Some Desc3', 'Django');

INSERT INTO TICKET_TYPE (ID, NAME, PRICE, CURRENCY) VALUES (1, 'adult', 25, 'PLN');
INSERT INTO TICKET_TYPE (ID, NAME, PRICE, CURRENCY) VALUES (2, 'student', 18, 'PLN');
INSERT INTO TICKET_TYPE (ID, NAME, PRICE, CURRENCY) VALUES (3, 'child', 12.50, 'PLN');

INSERT INTO SCREENING (ID, MOVIE_ID, ROOM_ID, START_TIME, END_TIME) VALUES (1, 1, 1, '2023-10-31T01:30:00', '2023-10-31T02:30:00');
INSERT INTO SCREENING (ID, MOVIE_ID, ROOM_ID, START_TIME, END_TIME) VALUES (2, 1, 2, '2023-10-31T01:40:00', '2023-10-31T02:40:00');
INSERT INTO SCREENING (ID, MOVIE_ID, ROOM_ID, START_TIME, END_TIME) VALUES (3, 1, 3, '2023-10-31T01:35:00', '2023-10-31T02:35:00');

INSERT INTO SCREENING (ID, MOVIE_ID, ROOM_ID, START_TIME, END_TIME) VALUES (4, 2, 1, '2023-10-31T11:30:00', '2023-10-31T13:30:00');
INSERT INTO SCREENING (ID, MOVIE_ID, ROOM_ID, START_TIME, END_TIME) VALUES (5, 2, 2, '2023-10-31T21:30:00', '2023-10-31T23:30:00');
INSERT INTO SCREENING (ID, MOVIE_ID, ROOM_ID, START_TIME, END_TIME) VALUES (6, 2, 3, '2023-10-31T05:30:00', '2023-10-31T08:30:00');

INSERT INTO SCREENING (ID, MOVIE_ID, ROOM_ID, START_TIME, END_TIME) VALUES (7, 3, 1, '2023-10-25T12:30:00', '2023-10-25T13:30:00');
INSERT INTO SCREENING (ID, MOVIE_ID, ROOM_ID, START_TIME, END_TIME) VALUES (8, 3, 2, '2023-10-26T05:30:00', '2023-10-26T06:30:00');
INSERT INTO SCREENING (ID, MOVIE_ID, ROOM_ID, START_TIME, END_TIME) VALUES (9, 3, 3, '2023-10-31T01:30:00', '2023-10-31T02:30:00');

INSERT INTO RESERVATION (ID, EXPIRATION_DATE, FIRSTNAME, SURNAME, IS_PAID, SCREENING_ID) VALUES (1, '2026-10-31T11:30:00', 'Jan', 'Wzięty-Późny', false, 1);

INSERT INTO TICKET (ID, ROW_NUMBER, SEAT_IN_ROW_NUMBER, RESERVATION_ID, TICKET_TYPE_ID) VALUES (1, 1, 1, 1, 1);
INSERT INTO TICKET (ID, ROW_NUMBER, SEAT_IN_ROW_NUMBER, RESERVATION_ID, TICKET_TYPE_ID) VALUES (2, 1, 2, 1, 2);
INSERT INTO TICKET (ID, ROW_NUMBER, SEAT_IN_ROW_NUMBER, RESERVATION_ID, TICKET_TYPE_ID) VALUES (3, 1, 3, 1, 3);

